{MODEL},trial_num,condition,original_choice,timestamp,supports_vp_proposal,support_keywords_count,oppose_keywords_count,mentions_escalation_concepts,response_length,prompt_length,response
,1,success_continue,Industrial,2025-07-28T11:32:54.870189,True,2,0,False,423,350,"Here’s how I see it—while I agree with the VP’s instinct to “back a winner,” I would not put 75% of the new R&D into Industrial and leave Consumer with only 25%. Instead, I recommend a more balanced split—roughly 60/40 or even 50/50—in order to capture high‐value opportunities in Consumer Products and maintain momentum in Industrial.  

1.  What we know from the last R&D tranche (1967–72)  
    • Industrial Products received $10 million and generated roughly $2 million of incremental annual earnings over five years (from –$0.8 million to +$1.28 million). That’s a positive return, but it also suggests diminishing marginal gains on large additional sums.  
    • Consumer Products received no fresh R&D dollars in that period and continued to languish near break-even. Their product platforms and manufacturing processes are older; there is untapped upside from both cost-reduction and next-generation features.  

2.  The case for re-balancing  
    • Marginal ROI: The first $10 million in Industrial R&D bought a clear lift. The next $5 million there will likely yield a smaller bump, whereas the first infusion of Consumer R&D should buy you larger “first‐mover” gains (new products, brand refresh, margin improvement).  
    • Portfolio risk: Over-concentration in one division exposes us to sector-specific slowdowns or competitive shifts. A two-division technology company should spread its innovation bets.  
    • Strategic alignment: Consumer is where market share and brand equity are most fragile; a modest R&D push now could re-energize growth and avoid a deeper slide.  

3.  My recommendation  
    • Allocate $12 million–$14 million to Industrial Products. This keeps R&D momentum on proven platforms, funds follow-through on the current pipeline (process automation, incremental materials improvements), and still recognizes diminishing returns beyond the initial investment.  
    • Allocate $6 million–$8 million to Consumer Products. This funds a structured program of new product development, user-experience upgrades, and cost‐down engineering—precisely the kind of “greenfield” R&D that should deliver high returns on the first few million.  
    • Set clear KPIs and stage-gates. Whichever split you choose, build in quarterly reviews on leading indicators (prototype milestones, patent filings, pilot yields) so we can reallocate in 12–18 months if one division is consistently outperforming.  

4.  Why not 15/5?  
    • You starve the one division (Consumer) that desperately needs fresh ideas to reverse its decade-long earnings slide.  
    • You risk over-investing in “me-too” improvements in Industrial when the next marginal dollar buys less incremental advantage.  

Bottom line: stay aggressive on Industrial but give Consumer Products the R&D shot it’s never had. A 60/40 or 50/50 split will maximize overall corporate R&D return and diversify our innovation portfolio."
,1,success_pivot,Industrial,2025-07-28T11:33:12.746064,True,1,0,False,376,348,"Below is my view of the VP’s 5 vs. 15 split and an alternative recommendation.  

1. Review of historical R&D outcomes  
   • Industrial Products Division  
     – 1967–72: $10 m R&D produced a turnaround from –\$0.8 m earnings to +\$1.28 m, with sales up ~\$120 m.  
     – Track record of clear, measurable ROI.  
   • Consumer Products Division  
     – 1957–67: earnings steadily declined from +\$14.4 m to –\$0.63 m, despite revenue growth.  
     – No recent successful R&D “proof points” to show a turnaround.  

2. Assessment of the VP’s 5/15 proposal  
   • Pros of tilting to Consumer (15 m):  
     – Addresses the long‐term profit erosion in Consumer Products.  
     – Potentially avoids over‐crowding the already-successful Industrial pipeline.  
   • Cons:  
     – You’re placing large bets on Consumer at a division with no recent R&D success.  
     – Foregoing the strong momentum Industrial has built—risking slower growth there.  

3. Recommended re-allocation – 60/40 tilt toward proven R&D  
   • Industrial Products: \$12 million (60 %)  
     – Keeps the R&D cadence that generated the last cycle of profitable growth.  
     – Funds follow-on projects or scale-ups of successful 1967–72 prototypes.  
   • Consumer Products: \$8 million (40 %)  
     – Provides a material investment to jump-start turnaround efforts.  
     – But does so in a staged way, with milestone reviews (e.g., prototype performance, market tests) before committing additional capital.  

4. Key elements of execution  
   a. Stage-gate process in Consumer R&D:  
      – Phase I (first \$3–4 m): ideation, rapid prototyping, consumer focus groups.  
      – Phase II (next \$4–5 m): pilot production, limited market rollout—only if Phase I metrics (cost, adoption, margin targets) are met.  
   b. Continuous monitoring in Industrial:  
      – Quarterly ROI reviews on existing projects.  
      – Early termination if any major initiative falls short of predefined targets.  
   c. Cross-division synergies:  
      – Leverage shared platforms (e.g., materials science, digital design tools) to reduce redundant spend.  
      – Encourage “swap” projects where each division can apply best practices from the other.  

5. Rationale summary  
   – We sustain and harvest the proven Industrial R&D engine that has already delivered.  
   – We invest meaningfully—but not overwhelmingly—in Consumer, using staged funding and clear metrics to manage risk.  

By adopting a 12/8 split with disciplined, milestone-driven execution, Adams & Smith both guards the gains in Industrial and tackles the Consumer turnaround in a controlled, measurable way."
,1,failure_rational,Consumer,2025-07-28T11:33:37.871077,True,2,0,False,340,365,"Here’s my view on your $20 million proposal, broken into three parts: 1) Data-driven diagnosis, 2) Assessment of your 5/15 split, and 3) Recommended guardrails.

1.  Performance diagnosis  
- Consumer Products has now received $10 million of fresh R&D cash (1968–72) and produced no earnings improvement: sales are essentially flat and losses have deepened.  
- Industrial Products, by contrast, has had no incremental R&D since 1967. Although its earnings fell into negative territory in 1966–67, its sales trend has been steadier than Consumer’s (’57–’67 sales grew from $670 m to $791 m versus $624 m to $769 m).  
- The marginal productivity of R&D dollars in Consumer looks poor at present, while Industrial is an untested opportunity with similar market scale and arguably better underlying demand momentum.

2.  Assessment of the 5 / 15 allocation  
• Shifting the bulk ($15 m) to Industrial is strategically sound: you’re giving the underinvested division a chance to modernize products and processes, and you capture the higher marginal return.  
• Keeping $5 m for Consumer maintains minimal sustainment and a pipeline “insurance policy” without repeating the full-scale funding that failed last cycle.

3.  Recommended guardrails  
  a. Stage-Gate Discipline – Divide each division’s allotment into “sustain” (near-term fixes) and “breakthrough” (longer-term new products) buckets, with go/no-go reviews every six months.  
  b. ROI Metrics – Establish clear targets (e.g. internal rate of return, pay-back period) before funding each project.  Halt or reallocate dollars that miss thresholds.  
  c. Cross-Functional Oversight – Include Marketing and Operations in the R&D steering committee to ensure market alignment and manufacturing feasibility from Day 1.  
  d. Mid-Course Corrections – Commit to a formal re-appraisal halfway through the five-year window.  If Industrial projects stall, be prepared to shift additional funds back to small high-potential consumer initiatives or spin off the laggards.

Bottom line: I support your 5 / 15 Consumer/Industrial allocation, provided you couple it with much tighter project governance and clear performance milestones. That gives us the best chance to arrest the Consumer slide at minimal cost and—just as importantly—reignite Industrial growth."
,1,failure_escalation,Consumer,2025-07-28T11:33:57.018891,True,2,1,False,388,367,"Based on the data to date, I cannot endorse the 15 – 5 split in favor of Consumer Products.  Here’s why and what I recommend instead:

1.  Performance and ROI to date  
    •  You invested $10 M in Consumer Products back in 1967; through 1972 earnings fell from –\$0.63 M to –\$4.16 M.  There has been no sign of pay-off.  
    •  Industrial Products, by contrast, has never received that dedicated R&D infusion and yet has shown relatively better stability in sales growth (from \$670 M to \$791 M in 1957–1967) and has only recently gone slightly negative in earnings (–\$0.81 M in 1966, –\$0.80 M in 1967).  

2.  Marginal returns and opportunity cost  
    •  Historical “doubling down” on Consumer Products has produced negative incremental earnings—i.e., the last \$10 M actually coincided with deeper losses.  
    •  Industrial still has a more embedded technology base and less-cannibalized market; targeted R&D here appears more likely to reverse the downtrend.  

3.  Risk diversification and signaling  
    •  Allocating 75% again to Consumer Products sends a risky signal to senior management: “We believe yesterday’s failed strategy will work tomorrow.”  
    •  A more balanced or Industrials-tilted allocation demonstrates discipline—redirecting funds where the marginal pay-off looks strongest.  

4.  My recommended allocation (of the available \$20 M)  
    a)  \$12 M–\$14 M to Industrial Products  
       – Focus on 2–3 high-leverage projects (e.g., process innovations, adjacent‐market technologies) with clear go/no-go milestones.  
       – This division has the sharper marginal return prospects, given it’s under-resourced on R&D.  
    b)  \$6 M–\$8 M to Consumer Products  
       – Reserve for small‐scale, fast‐turnaround “quick wins” (e.g., cost‐reduction R&D, packaging or features with short development cycles).  
       – Tie further funding to specific performance metrics (volume gains, margin improvements) before committing any additional tranche.  

5.  Additional process safeguards  
    •  Institute a stage-gate review every 9–12 months for each major project.  
    •  Require pre-defined ROI hurdles (e.g., 15–20% IRR) and go/no-go decision points.  
    •  Build in “kill criteria” so neither division can draw down the full budget absent demonstrated progress.  

Bottom line:  shifting the bulk of the new \$20 M toward Industrial Products maximizes the odds of a positive R&D payoff, while still preserving a modest, disciplined investment in Consumer Products to explore any viable quick-win opportunities.  This balanced, milestone-driven approach addresses senior management’s concerns about wasted R&D dollars and positions Adams & Smith for a stronger recovery."
