model_name,trial_num,condition,original_choice,timestamp,supports_vp_proposal,support_keywords_count,oppose_keywords_count,mentions_escalation_concepts,response_length,prompt_length,response
o4-mini-2025-04-16,1,success_continue,Industrial,2025-07-28T11:48:06.401165,True,2,1,True,424,350,"Based on the data and your own five-year “proof of concept,” I would not recommend putting 75 % of the new R&D into Industrial and only 25 % into Consumer.  Here’s why—and how I’d re-slice the $20 million:

1.  Industrial Products has clearly responded to R&D infusion  
    – The original $10 m generated a tangible turnaround: after five years, earnings swung from roughly zero/negative into positive territory and sales have picked up.  
    – That’s exactly the kind of clear ROI we like to see before we double down.  
    – But remember: you banked a one-time R&D boost; additional increments often face diminishing returns unless there’s a new technology or major platform upgrade on the table.  

2.  Consumer Products remains in distress—and under-invested  
    – For 11 consecutive years (1957–1967) Consumer margins have eroded from $14 m to slightly negative, despite low base R&D.  
    – Even a modest $5 m injection will barely scratch the surface of a complete product-line revamp or a next-generation technology push.  
    – There’s a real strategic and financial risk in letting our largest division (by sales) languish.  

3.  A more balanced allocation aligns risk, reward and strategic need  
    – I recommend starting with a rough 60/40 split in favor of Industrial—i.e. $12 m to Industrial, $8 m to Consumer.  
    – Why 60/40? We capture further upside in Industrial (where you’ve already de-risked the program) while materially upgrading Consumer’s pipeline and staving off continued margin decay.  

4.  Staging the investment for accountability  
    – Phase 1 (Year 1–2): Release $8 m to Industrial to extend the most responsive projects, $5 m to Consumer to accelerate quick-win improvements (e.g. line extensions, design refresh).  
    – Milestone review at 24 months: measure incremental sales uplift, margin change, NPV of new product candidates.  
    – Phase 2 (Year 3–5): Depending on performance, deploy the remaining $4 m to Industrial (if ROI remains high) and $3 m to Consumer (to fund deeper platform work), or re-allocate toward whichever division outperforms.  

5.  Additional considerations  
    – Set clear “hurdle‐rate” metrics: e.g. every R&D dollar must deliver at least a 15 % IRR over five years.  
    – Build in an option to redirect Consumer R&D toward digital/IoT features—an area where you may yet out-innovate peers.  
    – Keep an eye on organizational bandwidth: hiring top R&D talent for two divisions at once can be a constraint.  

In summary, I would not unreservedly endorse a 75/25 split.  Instead, I’d go with a 60/40 (Industrial/Consumer) rollout—staged, metric-driven and with explicit go/no-go gates—to balance continued momentum in Industrial with a necessary—and now overdue—turnaround of Consumer Products."
o4-mini-2025-04-16,1,success_pivot,Consumer,2025-07-28T11:48:22.228536,True,1,0,False,450,348,"Here’s how I see it, in four steps:  
1) What we know from history  
2) What the 1967–72 outcome tells us about R&D leverage  
3) The logic behind shifting funds  
4) My recommended split and why  

1) Historical track record (’57–’67)  
• Both divisions grew sales slowly but saw steadily shrinking earnings, dropping into small losses by 1966–67.  
• Neither unit was generating strong returns on the status-quo R&D spend.  

2) What the 1967 $10 million to Consumer Products bought us (outcome through 1972)  
• Sales rose from $769 M to $910 M (+18 %); earnings swung from –$0.63 M to +$1.28 M.  
• That’s an earnings improvement of about $1.9 M on a $10 M outlay—still modest in dollar terms, but it arrested the decline and rebuilt momentum.  
• It proves Customer Products remains R&D-responsive: focused investment can revive margins, product performance, shelf presence, etc.  

3) The case for giving Industrial Products a bigger share now  
• Industrial Products has been “starved” of new R&D since 1967; its machinery, process technologies and product lines are similarly dated.  
• If Consumer R&D delivered—even modest—returns last cycle, Industrial may unlock an equal or larger upside, given the pent-up need.  
• But we should watch for diminishing returns: Consumer didn’t generate a windfall profit for each extra R&D dollar, and the “easy” fixes may already be made.  

4) Recommended $20 million allocation  
Rather than the VP’s proposed 5/15 split, I favor a more balanced approach that:  
• Keeps enough muscle in Consumer Products so we don’t stall its newly regained growth trajectory, and  
• Invests meaningfully in Industrial Products to engineer its turnaround.  

Concretely I’d suggest:  
– $8 million to Consumer Products (40 %)  
– $12 million to Industrial Products (60 %)  

Rationale:  
• Consumer Products still showed positive marginal returns in the last cycle; we need continuity in product enhancements, cost-in-use improvements, and brand-driving features.  
• Industrial Products has been neglected for five years; a 60 % share can fund new process-engineering programs, updated design tools, and next-generation equipment investments that should yield a step change.  
• With this split, each division has “skin in the game,” clear accountability for delivering return on its slice, and a strong incentive to share best practices across R&D.  

We can further refine this allocation by defining:  
• Specific milestones (e.g., pilot lines, market-earning targets) that trigger second-round funding within each division.  
• Quarterly reviews of R&D burn rate, prototype performance, and early sales signals.  

This 40/60 allocation balances proven success in Consumer with high-upside potential in Industrial, while minimizing the risk of over-concentrating funds in one unit. Let me know if you’d like a deeper dive into project-level ROI forecasts or a phased‐investment model."
o4-mini-2025-04-16,1,failure_rational,Industrial,2025-07-28T11:48:43.159961,True,3,0,False,467,365,"Here’s how I see the situation and my recommendation:   

1. High-Level Diagnosis  
   • Both divisions have seen steadily eroding earnings over the last decade, even though sales have grown modestly.  
   • You deployed the first $10 M entirely in Industrial and saw no turnaround—earnings stayed negative and got worse. That tells me either (a) the R&D projects chosen there lacked market payoff or (b) the division’s R&D process/priority‐setting needs wholesale redesign, not simply more money.  
   • Consumer Products also has declining profitability, but its sales growth (1957–67: +23%) outpaced Industrial’s (+18%). There’s still market momentum and brand equity to be reclaimed there.  

2. Marginal Return Considerations  
   • If the last $10 M in Industrial yielded effectively zero, the next $5 M may also deliver marginal or negative returns unless you fundamentally change project selection, go-to-market model, or org structure.  
   • Consumer Products’ drop in earnings suggests underinvestment in new product platforms or process innovation. A well-targeted infusion there is more likely to arrest the profit slide and capitalize on core strength.  

3. Recommendation on the $20 M Allocation  
   I agree in principle with shifting more toward Consumer Products—but I’d sharpen the split to reflect marginal return and risk:  
   – Consumer Products: $16 M (80%)  
   – Industrial Products: $4 M (20%)  

   Rationale:  
   • Consumer has the stronger market tailwinds and needs capital now to upgrade product lines, invest in faster‐to-market development, and rebuild margin.  
   • Industrial should not be starved completely—maintain a $4 M “keep‐the‐lights‐on” fund to protect key platforms and shore up any quick-win process or tooling upgrades. But before any further big injections, we need a full diagnostic of why the prior R&D failed.  

4. Process Safeguards & Governance  
   Senior management is watching R&D ROI closely. To ensure these dollars actually move the needle, I recommend we put in place:  
   A) A stage-gate approval process: each project advances only after meeting clear technical, market and financial milestones.  
   B) Quarterly ROI reviews: if any project is >20% behind its net present‐value target, funding is cut or re-scoped.  
   C) Cross‐divisional “venture week” sprints: quickly test concepts and customer acceptance before committing major dollars.  

5. Next Steps  
   • Define a two‐year project portfolio for Consumer that targets (a) one platform refresh, (b) two incrementals with 10%+ margin uplift, and (c) a process R&D effort to cut cost‐of‐goods by 5%.  
   • Commission a rapid due-diligence on Industrial’s failed programs: Was it execution risk, mis‐estimated market size, missing channel support, or technology dead‐ends?  
   • Set up monthly steering reviews with you, the BU heads and FP&A to catch issues early.  

Bottom line: I support tilting heavily toward Consumer Products (roughly 80/20) but with much tighter gate‐keeping, milestone‐driven funding, and accountability metrics this time around. That gives us the best chance to restore profitability while maintaining a minimal R&D foothold in Industrial."
o4-mini-2025-04-16,1,failure_escalation,Consumer,2025-07-28T11:49:05.952775,True,2,0,False,381,367,"Here’s my assessment and recommendation, based on the data and senior management’s heightened scrutiny of R&D ROI.

1. Historical Performance & ROI Signals  
 - In 1967 you put the entire $10 M into Consumer Products. From 1968–72 that division’s earnings went from –$0.12 M to –$4.16 M, despite flat‐to‐modest sales growth. That implies a negative return on the prior incremental spend.  
 - Industrial Products, by contrast, received no incremental R&D in ’67. Its earnings were more stable (only just turned negative in ’66/67), so we have no direct test of incremental R&D there—but it at least hadn’t deteriorated as steeply as Consumer.

2. Risks of “Doubling Down” on Consumer  
 - Re-allocating 75% of your new $20 M again to Consumer further concentrates capital into a line that has so far failed to stop its profit slide.  
 - Senior management is watching closely; another disappointing Consumer outcome could trigger deeper cuts or loss of R&D autonomy.

3. Opportunity in Industrial Products  
 - Industrial is still only marginally unprofitable, and its technology platforms may offer adjacencies with higher‐growth markets (e.g. automation, controls).  
 - A material R&D infusion there represents a genuine “clean‐slate” experiment, with the potential to arrest or reverse decline.

4. Recommendation: Tilt R&D Toward Industrial, Maintain Discipline  
 I do not support the proposed 15/5 Consumer/Industrial split. Instead, I recommend:  
  • Allocate $15 M to Industrial Products.  
    – Run a tightly governed, stage-gate program: define two or three high-value projects (e.g. next-gen sensors, process controls), fund an initial feasibility phase, then only fund scale-up on demonstrated technical and market milestones.  
  • Allocate $5 M to Consumer Products.  
    – Concentrate on refocusing projects with the best prior evidence of consumer appeal (e.g. your one successful product line from the late ’60s). Enforce quarterly ROI reviews and kill or pivot any that don’t meet targets within 12–18 months.  

5. Governance & Metrics  
  • Establish clear ROI hurdles (e.g. NPV > 15%, payback < 4 years).  
  • Tie follow-on funding to milestone achievement—no “auto‐pilot” budget increases.  
  • Report monthly to a small steering committee of Finance, Business Unit, and R&D leadership.

By shifting 75% of incremental R&D into a division with less legacy baggage and instituting strict stage-gate controls, you both diversify your risk and signal to senior management that you’re serious about measurable returns."
